name	phone	email	numberrange
Drake Austin	(721) 652-5425	pellentesque.a.facilisis@hotmail.edu	5
Ashely Garrison	1-329-223-2748	metus.sit@icloud.com	9
Quynn Velez	(889) 346-2128	justo.sit@yahoo.org	9
Anastasia Tucker	(967) 186-7674	et.ultrices.posuere@outlook.ca	1
Yuri Shannon	(382) 784-8951	tempus.mauris.erat@aol.com	8
Quentin Dillard	(364) 221-3324	ultrices.a.auctor@protonmail.org	6
Tyrone Andrews	1-427-331-7633	massa.vestibulum@google.ca	7
Brody Mccullough	(567) 805-7654	sed.molestie@icloud.ca	4
Lila Gibson	1-178-483-7360	aliquam.adipiscing@protonmail.net	3
Ezekiel Norton	(791) 867-8488	lobortis.class@yahoo.ca	4
Cassandra Mays	(382) 636-6563	amet@outlook.net	4
Uta Gilbert	(475) 112-1284	bibendum.donec.felis@google.com	7
Cynthia Strong	(165) 730-9266	aliquam.auctor@hotmail.org	1
Destiny Lambert	(916) 312-0126	consequat.purus@icloud.net	8
Indira Velasquez	1-747-373-4524	facilisis.suspendisse@protonmail.net	7
Charles Calhoun	(122) 753-1666	condimentum@outlook.ca	9
Caesar Finley	1-161-475-3415	aenean.eget.metus@yahoo.net	10
Belle Wright	1-617-579-4181	purus.in@yahoo.org	6
Nora Patrick	1-265-914-5415	nulla.tempor.augue@icloud.net	2
Tiger Thompson	1-658-513-2673	amet@protonmail.ca	6
Zeus Schroeder	1-578-171-4355	malesuada.ut@outlook.edu	1
Cooper Caldwell	(841) 620-8821	donec.tincidunt.donec@aol.org	0
Rinah Gonzalez	(762) 374-2600	turpis@aol.couk	5
Tamekah Mclean	(571) 791-6167	eleifend.nec.malesuada@outlook.couk	10
Upton Brady	(461) 619-8852	mus.proin@outlook.couk	7
Tate Keith	(660) 993-9556	id.enim@yahoo.ca	0
Ebony Gibson	(536) 637-8444	diam.vel@yahoo.net	2
David Lindsay	(846) 875-2761	pharetra.ut@yahoo.com	7
Brett Hendrix	(589) 853-4781	aliquam@protonmail.com	4
Aristotle Ward	1-644-291-0529	nulla.tincidunt@google.edu	2
Damian Owens	(596) 468-1941	in@google.ca	8
Zoe Marks	1-485-393-6167	amet.ante.vivamus@outlook.ca	5
Amy Nieves	1-511-269-1547	quisque.purus@aol.ca	1
Zachery Cohen	1-845-765-4476	donec.consectetuer@aol.couk	5
Roth Mclean	1-355-404-6448	curabitur@google.couk	9
Nigel Hardy	1-425-248-5523	pede.sagittis@aol.couk	5
Preston Knowles	1-323-306-3481	vitae@yahoo.org	8
Harper Ortiz	(862) 571-4741	sem.consequat@aol.edu	0
Ariel Reilly	1-457-274-8878	cras.vulputate@protonmail.net	4
Shellie Marquez	(812) 856-5528	egestas.aliquam@icloud.ca	7
Tate Olsen	(455) 871-5684	malesuada.fringilla@icloud.com	6
Cecilia Joyner	1-755-884-3182	dui.suspendisse@hotmail.com	3
Kibo Bruce	(417) 764-3412	metus.aenean@hotmail.org	3
Fleur Bird	1-515-607-1107	amet@protonmail.org	9
Lyle Adkins	1-656-742-6346	dapibus@protonmail.net	10
Christen Norman	(740) 375-2429	nisi.magna@hotmail.net	1
Dillon Fisher	1-576-644-5955	facilisis.magna@google.net	8
Paul Gibson	1-755-878-2321	gravida.nunc@hotmail.edu	1
Liberty Cash	1-553-454-1555	nec.mollis@google.couk	4
Lysandra Wagner	(834) 871-7167	sed.pharetra@icloud.com	7
Fredericka Roberson	1-458-631-1134	leo@icloud.couk	1
Brielle Ingram	(511) 510-7215	ut.ipsum@aol.org	3
Brock Pate	(577) 284-4681	ut.nisi@google.couk	6
Nerea Mckee	1-811-157-3083	luctus@protonmail.org	4
Holmes Lamb	(925) 665-3320	sagittis@yahoo.com	6
Willa Salas	(584) 959-5588	risus.odio@icloud.org	2
Priscilla Gamble	(601) 796-2826	nunc.ullamcorper@hotmail.edu	7
MacKensie Phelps	(688) 742-5653	quam.vel@hotmail.com	9
Lana Gamble	1-483-861-2267	molestie.orci@yahoo.ca	6
Donna Maxwell	1-865-860-1536	ante.blandit@protonmail.net	4
Leroy Skinner	1-438-694-6565	est.nunc@outlook.com	3
Gregory Dennis	1-515-498-1484	ut.quam.vel@icloud.ca	10
Price Walter	1-270-756-5412	non@icloud.edu	6
Jenette Lynn	1-235-779-2564	nonummy.ipsum@aol.org	8
Maris Carver	(474) 606-6599	est.tempor@aol.net	3
Hadley Hart	(734) 296-8742	vel.arcu@google.couk	1
Chandler Bishop	1-616-212-3465	et.euismod.et@google.net	7
Lawrence Berger	(859) 236-3443	turpis.nec.mauris@outlook.com	4
Phillip Sharpe	1-987-910-9373	euismod.mauris.eu@google.com	7
Drake Baird	(521) 467-5835	et.ipsum.cursus@protonmail.couk	5
Timon Dyer	(569) 481-4467	dui.augue@outlook.com	10
Jonas Durham	1-430-584-4851	arcu.curabitur@protonmail.edu	7
Kiayada Howard	(708) 755-1840	natoque.penatibus@outlook.org	4
Elliott Whitfield	(388) 543-7259	viverra.donec@outlook.couk	1
Ronan Valencia	(633) 410-2713	dapibus.ligula@google.ca	5
Tatyana Hughes	1-272-364-3111	imperdiet@aol.edu	5
Ariana Hamilton	(647) 659-4746	eu@hotmail.edu	0
Leslie Freeman	(257) 120-5152	quis@aol.org	3
Upton Hancock	(207) 117-5515	accumsan@icloud.com	9
Lacy Dunn	(765) 433-7333	tempor.lorem.eget@icloud.edu	1
Kiayada Watkins	(417) 115-3121	aliquet@icloud.net	4
Nolan Mcintosh	1-772-567-2778	posuere.at@google.couk	3
Ross Trujillo	(512) 259-4317	nullam.nisl.maecenas@hotmail.ca	4
Ulysses Phelps	1-378-973-8450	faucibus.ut@aol.ca	5
Kareem Greene	(356) 842-4718	diam.at@yahoo.ca	8
Kay Cross	1-778-300-8798	urna.nec.luctus@aol.com	2
Amethyst Emerson	(932) 194-7374	in.mi.pede@protonmail.ca	10
Leila Sellers	1-814-963-8213	vel@yahoo.org	1
Ulysses Jensen	1-487-360-5147	neque.non@aol.net	8
Michael Mclean	1-237-313-2794	risus.morbi.metus@icloud.couk	3
Josephine Booth	(442) 551-8266	quis.diam@hotmail.com	7
Justin Compton	(305) 643-3038	in.magna@aol.edu	5
Wyoming Craig	1-797-525-4078	turpis@outlook.edu	1
Christian Carpenter	(765) 365-9741	libero@hotmail.org	10
Shaine Sexton	(837) 933-4056	sollicitudin.a.malesuada@google.org	0
George Monroe	1-378-235-4731	mauris.vel@yahoo.couk	6
Kermit Wilcox	(870) 666-6951	sed@yahoo.net	1
Joshua Pennington	(738) 664-0401	tempor.diam@aol.ca	2
India Levine	1-605-387-4556	suspendisse@yahoo.couk	6
Dexter Massey	1-711-407-8569	curabitur@google.org	1
